store_id,store_name,city,region,manager
HYD01,Hyderabad Central Store,Hyderabad,South,R. Kumar
HYD02,Hyderabad Central Store,Hyderabad,South,S. Rao
BLR01,Bengaluru Central Store,Bengaluru,South,A. Mehta
BLR02,Bengaluru Central Store,Bengaluru,South,R. Kumar
CHE01,Chennai Central Store,Chennai,South,A. Mehta
CHE02,Chennai Central Store,Chennai,South,K. Reddy
VJA01,Vijayawada Central Store,Vijayawada,South,P. Sharma
VSK01,Visakhapatnam Central Store,Visakhapatnam,South,A. Mehta
MUM01,Mumbai Central Store,Mumbai,West,P. Sharma
PUN01,Pune Central Store,Pune,West,S. Rao
AHM01,Ahmedabad Central Store,Ahmedabad,West,R. Kumar
JPR01,Jaipur Central Store,Jaipur,North,K. Reddy
DEL01,Delhi Central Store,Delhi,North,V. Nair
GUR01,Gurugram Central Store,Gurugram,North,P. Sharma
LKO01,Lucknow Central Store,Lucknow,North,A. Mehta
KOL01,Kolkata Central Store,Kolkata,East,P. Sharma
BBS01,Bhubaneswar Central Store,Bhubaneswar,East,P. Sharma
KOC01,Kochi Central Store,Kochi,South,A. Mehta
CBE01,Coimbatore Central Store,Coimbatore,South,P. Sharma
DEL02,Delhi Central Store,Delhi,North,S. Rao
MUM02,Mumbai Central Store,Mumbai,West,A. Mehta
PUN02,Pune Central Store,Pune,West,K. Reddy
BLR03,Bengaluru Central Store,Bengaluru,South,R. Kumar
HYD03,Hyderabad Central Store,Hyderabad,South,V. Nair
